{
    "loss": 18.9174747467041,
    "accuracy": 0.5686274766921997
}