{
    "loss": 23.285879135131836,
    "accuracy": 0.5686274766921997
}